{
    "metrics": {
        "MSE": 41.576313230625296,
        "RMSE": 6.447969698333368,
        "MAE": 5.448565584691924,
        "MAPE": 4.843925195214531
    },
    "model_path": "models/NVDA_model.keras",
    "predictions": [
        119.90361664264037,
        118.97795565810372,
        118.21920219497997,
        117.09455487059176,
        115.2546798763542,
        112.95718441509507,
        111.16495009278992,
        110.24581690005107,
        109.93361035614669,
        110.24808618740872,
        111.05341031038802,
        112.05712472622304,
        112.3897979440809,
        112.30225802987286,
        111.64442322256252,
        110.8957810145007,
        110.54240414014885,
        110.571481179741,
        111.08055558321053,
        111.7920346201463,
        112.55679882225218,
        113.10567911123894,
        113.92637837419522,
        114.96429727004443,
        115.98528986746965,
        116.82465330081368,
        117.64446208392076,
        118.55577485282265,
        119.41205740330156,
        120.48262243942882
    ],
    "actual": [
        115.18446245148877,
        115.41984189040292,
        107.90504618374915,
        101.37536022016741,
        104.27841099026156,
        103.11022022100765,
        118.82853044922045,
        112.93525158540483,
        115.86445488746682,
        115.67266078476462,
        116.97162086506125,
        110.25014744998076,
        107.63478783393994,
        103.6420105416989,
        105.3681441636119,
        108.69836847532241,
        111.94141546340559,
        115.93419940685007,
        113.94652716285161,
        114.19933940600984,
        114.11216208238251,
        116.45726999981756,
        118.97673256450727,
        118.38391745215655,
        118.13981828551861,
        121.20850397514367,
        121.4787623249529,
        120.85107495291055,
        126.3869181432896,
        132.4283924711886
    ],
    "timestamp": "20250515_102536"
}