{
    "metrics": {
        "MSE": 74.21715243829728,
        "RMSE": 8.614937750111563,
        "MAE": 7.053307570152402,
        "MAPE": 3.585361813372644
    },
    "model_path": "models/AMZN_model.keras",
    "predictions": [
        204.83775248094207,
        203.87440689634786,
        202.9422919666158,
        201.13238035901486,
        198.11069750314346,
        194.59951079166785,
        191.67619981869393,
        189.47311267405712,
        188.10684172261244,
        187.42284046200257,
        187.378116042677,
        187.51375567505784,
        187.38661789427533,
        187.10566679833755,
        186.3340106677624,
        185.66439235609505,
        185.86811700003727,
        186.64439844987646,
        188.03822632030915,
        189.7060166086685,
        191.19195307132577,
        192.1556964489764,
        193.18147994370338,
        194.09719955961918,
        194.74826199518338,
        195.14389448933252,
        195.4917840168455,
        196.09471349258092,
        196.94595943389868,
        198.82503243427254
    ],
    "actual": [
        201.31732757846666,
        204.45326074009418,
        190.0802275187561,
        184.0288477342236,
        187.50777241717688,
        183.75118971140145,
        200.44351851579904,
        192.37501213642244,
        195.35577979674028,
        193.10999218767896,
        191.04386858422978,
        186.74829386161784,
        185.34365479651768,
        181.0235815696033,
        185.80913883935597,
        191.86869309938308,
        196.71958386763936,
        198.72038643367563,
        197.66690090430518,
        197.41374138578547,
        194.988289771112,
        199.70852600345185,
        199.52886199783967,
        196.56443082742035,
        195.47011030384888,
        198.49172541945848,
        201.24383206555913,
        202.04414561531925,
        214.76755472853213,
        216.99700584769485
    ],
    "timestamp": "20250515_103428"
}